tconst,title_key,startYear,year_film,oscar_num_nominations,oscar_num_wins,oscar_was_nominated,oscar_was_winner,year_diff
tt0449059,little miss sunshine,2006,2006,4,2,1,1,0.0
tt0051087,the tin star,1957,1957,1,0,1,0,0.0
tt9784798,judas and the black messiah,2021,2020,6,2,1,1,1.0
tt0078748,alien,1979,1979,2,1,1,1,0.0
tt0042192,all about eve,1950,1950,14,6,1,1,0.0
tt0048140,guys and dolls,1955,1955,4,0,1,0,0.0
tt0055630,yojimbo,1961,1961,1,0,1,0,0.0
tt0203009,moulin rouge,2001,2001,8,2,1,1,0.0
tt0045205,sudden fear,1952,1952,4,0,1,0,0.0
tt2532528,dirty wars,2013,2013,1,0,1,0,0.0
tt0055277,the parent trap,1961,1961,2,0,1,0,0.0
tt0074291,fellini s casanova,1976,1976,2,1,1,1,0.0
tt0814075,deliver us from evil,2006,2006,1,0,1,0,0.0
tt2771200,beauty and the beast,2017,2017,2,0,1,0,0.0
tt0026104,becky sharp,1935,1935,1,0,1,0,0.0
tt0018773,the circus,1928,1927,1,1,1,1,1.0
tt0964517,the fighter,2010,2010,7,2,1,1,0.0
tt3901826,the breadwinner,2017,2017,1,0,1,0,0.0
tt0086197,the right stuff,1983,1983,8,4,1,1,0.0
tt0058092,father goose,1964,1964,3,1,1,1,0.0
tt4729430,klaus,2019,2019,1,0,1,0,0.0
tt3553976,captain fantastic,2016,2016,1,0,1,0,0.0
tt0426931,august rush,2007,2007,1,0,1,0,0.0
tt0053976,the virgin spring,1960,1960,2,1,1,1,0.0
tt0137523,fight club,1999,1999,1,0,1,0,0.0
tt0111797,eat drink man woman,1994,1994,1,0,1,0,0.0
tt0033870,the maltese falcon,1941,1941,3,0,1,0,0.0
tt0050986,wild strawberries,1957,1959,1,0,1,0,2.0
tt0114388,sense and sensibility,1995,1995,7,1,1,1,0.0
tt0037059,meet me in st louis,1944,1944,4,0,1,0,0.0
tt0441773,kung fu panda,2008,2008,1,0,1,0,0.0
tt0369339,collateral,2004,2004,2,0,1,0,0.0
tt0035446,to be or not to be,1942,1942,1,0,1,0,0.0
tt0037008,laura,1944,1944,5,1,1,1,0.0
tt3183660,fantastic beasts and where to find them,2016,2016,2,1,1,1,0.0
tt0066319,ryan s daughter,1970,1970,4,2,1,1,0.0
tt0048673,summertime,1955,1955,2,0,1,0,0.0
tt0078718,and justice for all,1979,1979,2,0,1,0,0.0
tt0045537,the band wagon,1953,1953,3,0,1,0,0.0
tt1276419,a royal affair,2012,2012,1,0,1,0,0.0
tt0052876,the hanging tree,1959,1959,1,0,1,0,0.0
tt0097937,my left foot,1989,1989,5,2,1,1,0.0
tt0059712,ship of fools,1965,1965,8,2,1,1,0.0
tt0051776,the inn of the sixth happiness,1958,1958,1,0,1,0,0.0
tt0047494,the silver chalice,1954,1954,2,0,1,0,0.0
tt0119282,hercules,1997,1997,1,0,1,0,0.0
tt0071455,earthquake,1974,1974,5,2,1,1,0.0
tt0027438,the charge of the light brigade,1936,1936,3,1,1,1,0.0
tt0095530,little dorrit,1987,1988,2,0,1,0,1.0
tt1558250,gasland,2010,2010,1,0,1,0,0.0
tt0093713,pelle the conqueror,1987,1988,2,1,1,1,1.0
tt1010048,slumdog millionaire,2008,2008,10,8,1,1,0.0
tt0117039,michael collins,1996,1996,2,0,1,0,0.0
tt0887912,the hurt locker,2008,2009,9,6,1,1,1.0
tt0046008,the living desert,1953,1953,1,1,1,1,0.0
tt0068326,butterflies are free,1972,1972,3,1,1,1,0.0
tt0203230,you can count on me,1998,2000,2,0,1,0,2.0
tt0052961,kapo,1960,1960,1,0,1,0,0.0
tt5598102,faces places,2017,2017,1,0,1,0,0.0
tt1832382,a separation,2011,2011,2,1,1,1,0.0
tt1023490,il divo,2008,2009,1,0,1,0,1.0
tt0082222,man of iron,1981,1981,1,0,1,0,0.0
tt2042568,inside llewyn davis,2013,2013,2,0,1,0,0.0
tt6412452,the ballad of buster scruggs,2018,2018,3,0,1,0,0.0
tt0440963,the bourne ultimatum,2007,2007,3,3,1,1,0.0
tt1535109,captain phillips,2013,2013,6,0,1,0,0.0
tt0040737,bitter rice,1949,1950,1,0,1,0,1.0
tt2380307,coco,2017,2017,2,2,1,1,0.0
tt0280707,gosford park,1999,2001,7,1,1,1,2.0
tt0032432,edison the man,1940,1940,1,0,1,0,0.0
tt0039208,boomerang,1947,1947,1,0,1,0,0.0
tt0069947,the day of the jackal,1973,1973,1,0,1,0,0.0
tt0029284,my favorite wife,1940,1940,3,0,1,0,0.0
tt0054353,the sundowners,1960,1960,5,0,1,0,0.0
tt0036342,shadow of a doubt,1943,1943,1,0,1,0,0.0
tt0056059,hatari,1962,1962,1,0,1,0,0.0
tt0057239,the l shaped room,1962,1963,1,0,1,0,1.0
tt1865505,song of the sea,2014,2014,1,0,1,0,0.0
tt0068264,ben,1972,1972,1,0,1,0,0.0
tt0311519,the man without a past,2002,2002,1,0,1,0,0.0
tt0089716,colonel redl,1985,1985,1,0,1,0,0.0
tt0085461,the dresser,1983,1983,5,0,1,0,0.0
tt0167260,the lord of the rings the return of the king,2003,2003,11,11,1,1,0.0
tt0840361,the town,2010,2010,1,0,1,0,0.0
tt0187859,genghis blues,1999,1999,1,0,1,0,0.0
tt0315983,house of sand and fog,2003,2003,3,0,1,0,0.0
tt0079596,my brilliant career,1979,1980,1,0,1,0,1.0
tt0046446,torch song,1953,1953,1,0,1,0,0.0
tt0040338,the fallen idol,1948,1949,2,0,1,0,1.0
tt0039536,kiss of death,1947,1947,2,0,1,0,0.0
tt0078788,apocalypse now,1979,1979,8,2,1,1,0.0
tt2584384,jojo rabbit,2019,2019,6,1,1,1,0.0
tt0115751,breaking the waves,1996,1996,1,0,1,0,0.0
tt0097372,for all mankind,1989,1989,1,0,1,0,0.0
tt0115685,the birdcage,1996,1996,1,0,1,0,0.0
tt0073345,the man in the glass booth,1975,1975,1,0,1,0,0.0
tt0120472,waco the rules of engagement,1997,1997,1,0,1,0,0.0
tt0145653,angela s ashes,1999,1999,1,0,1,0,0.0
tt2402927,carol,2015,2015,6,0,1,0,0.0
tt0069281,sleuth,1972,1972,4,0,1,0,0.0
tt0066473,tora tora tora,1970,1970,5,1,1,1,0.0
tt0054847,el cid,1961,1961,3,0,1,0,0.0
tt0020018,in old arizona,1928,1928,5,1,1,1,0.0
tt8075192,shoplifters,2018,2018,1,0,1,0,0.0
tt6333060,icarus,2017,2017,1,1,1,1,0.0
tt0110322,legends of the fall,1994,1994,3,1,1,1,0.0
tt0027075,a tale of two cities,1935,1936,2,0,1,0,1.0
tt0032762,the mark of zorro,1940,1940,1,0,1,0,0.0
tt0031385,goodbye mr chips,1939,1939,7,1,1,1,0.0
tt0059229,juliet of the spirits,1965,1966,2,0,1,0,1.0
tt0056197,the longest day,1962,1962,5,2,1,1,0.0
tt0036377,the song of bernadette,1943,1943,12,4,1,1,0.0
tt0117477,ridicule,1996,1996,1,0,1,0,0.0
tt0044926,moulin rouge,1952,1952,7,2,1,1,0.0
tt2011971,monsieur lazhar,2011,2011,1,0,1,0,0.0
tt1235830,chico rita,2010,2011,1,0,1,0,1.0
tt3808342,son of saul,2015,2015,1,1,1,1,0.0
tt0069035,the new land,1972,1972,1,0,1,0,0.0
tt0061452,casino royale,1967,1967,1,0,1,0,0.0
tt0032943,pride and prejudice,1940,1940,1,1,1,1,0.0
tt0028333,swing time,1936,1936,2,1,1,1,0.0
tt1454029,the help,2011,2011,4,1,1,1,0.0
tt0926084,harry potter and the deathly hallows part 1,2010,2010,2,0,1,0,0.0
tt2582802,whiplash,2014,2014,5,3,1,1,0.0
tt0053003,libel,1959,1959,1,0,1,0,0.0
tt0088146,a soldier s story,1984,1984,3,0,1,0,0.0
tt1016268,enron the smartest guys in the room,2005,2005,1,0,1,0,0.0
tt0034891,in which we serve,1942,1942,1,1,1,1,0.0
tt0029442,the prisoner of zenda,1937,1937,2,0,1,0,0.0
tt0119116,the fifth element,1999,1997,1,0,1,0,2.0
tt0857191,the visitor,2007,2008,1,0,1,0,1.0
tt0150915,hilary and jackie,1998,1998,2,0,1,0,0.0
tt5363618,sound of metal,2019,2020,6,2,1,1,1.0
tt0047123,it should happen to you,1954,1954,1,0,1,0,0.0
tt0032138,the wizard of oz,1939,1939,6,2,1,1,0.0
tt0034162,the sea wolf,1941,1941,1,0,1,0,0.0
tt0035966,hangmen also die,1943,1943,2,0,1,0,0.0
tt0087921,places in the heart,1984,1984,7,2,1,1,0.0
tt0104756,lorenzo s oil,1992,1992,2,0,1,0,0.0
tt0120090,secrets of the heart,1997,1997,1,0,1,0,0.0
tt0090576,the assault,1986,1986,1,1,1,1,0.0
tt0039768,ride the pink horse,1947,1947,1,0,1,0,0.0
tt0040495,johnny belinda,1948,1948,12,1,1,1,0.0
tt1057500,invictus,2009,2009,2,0,1,0,0.0
tt0100470,journey of hope,1990,1990,1,1,1,1,0.0
tt0907657,once,2007,2007,1,1,1,1,0.0
tt0018578,wings,1927,1927,2,2,1,1,0.0
tt6654316,youth,2017,2015,1,0,1,0,2.0
tt2080374,steve jobs,2015,2015,2,0,1,0,0.0
tt0257360,about schmidt,2002,2002,2,0,1,0,0.0
tt0190590,o brother where art thou,2000,2000,2,0,1,0,0.0
tt0101507,boyz n the hood,1991,1991,2,0,1,0,0.0
tt0084370,my favorite year,1982,1982,1,0,1,0,0.0
tt0117318,the people vs larry flynt,1996,1996,2,0,1,0,0.0
tt0126886,election,1999,1999,1,0,1,0,0.0
tt0095497,the last temptation of christ,1988,1988,1,0,1,0,0.0
tt0045551,beneath the 12 mile reef,1953,1953,1,0,1,0,0.0
tt0093493,mannequin,1987,1987,1,0,1,0,0.0
tt1315981,a single man,2009,2009,1,0,1,0,0.0
tt0268978,a beautiful mind,2001,2001,8,4,1,1,0.0
tt0075648,airport 77,1977,1977,2,0,1,0,0.0
tt0090563,betty blue,1986,1986,1,0,1,0,0.0
tt0100405,pretty woman,1990,1990,1,0,1,0,0.0
tt0101526,children of nature,1991,1991,1,0,1,0,0.0
tt0055100,lover come back,1961,1961,1,0,1,0,0.0
tt0072890,dog day afternoon,1975,1975,6,1,1,1,0.0
tt0068732,images,1972,1972,1,0,1,0,0.0
tt0119448,character,1997,1997,1,1,1,1,0.0
tt0433383,good night and good luck,2005,2005,6,0,1,0,0.0
tt0253474,the pianist,2002,2002,7,3,1,1,0.0
tt0181865,traffic,2000,2000,5,4,1,1,0.0
tt0410097,hustle flow,2005,2005,2,1,1,1,0.0
tt0120338,titanic,1997,1997,14,11,1,1,0.0
tt3581652,west side story,2021,2021,7,1,1,1,0.0
tt0074860,marathon man,1976,1976,1,0,1,0,0.0
tt0056291,knife in the water,1962,1963,1,0,1,0,1.0
tt0049470,the man who knew too much,1956,1956,1,1,1,1,0.0
tt0028773,dead end,1937,1937,4,0,1,0,0.0
tt0039502,it happened on fifth avenue,1947,1947,1,0,1,0,0.0
tt0033373,ball of fire,1941,1941,4,0,1,0,0.0
tt0040308,easter parade,1948,1948,1,1,1,1,0.0
tt0329575,seabiscuit,2003,2003,7,0,1,0,0.0
tt0805564,lars and the real girl,2007,2007,1,0,1,0,0.0
tt0033677,the great lie,1941,1941,1,1,1,1,0.0
tt0078875,the tin drum,1979,1979,1,1,1,1,0.0
tt1204342,the muppets,2011,2011,1,1,1,1,0.0
tt0181530,east west,1999,1999,1,0,1,0,0.0
tt0047437,sabrina,1954,1954,6,1,1,1,0.0
tt0080610,the last metro,1980,1980,1,0,1,0,0.0
tt0079522,manhattan,1979,1979,2,0,1,0,0.0
tt0455590,the last king of scotland,2006,2006,1,1,1,1,0.0
tt0416320,match point,2005,2005,1,0,1,0,0.0
tt0032155,young mr lincoln,1939,1939,1,0,1,0,0.0
tt0108515,the war room,1993,1993,1,0,1,0,0.0
tt0118147,when we were kings,1996,1996,1,1,1,1,0.0
tt0174852,the last days,1998,1998,1,1,1,1,0.0
tt0066580,woodstock,1970,1970,3,1,1,1,0.0
tt0307197,murder on a sunday morning,2001,2001,1,1,1,1,0.0
tt0032080,union pacific,1939,1939,1,0,1,0,0.0
tt0112740,crimson tide,1995,1995,3,0,1,0,0.0
tt8579674,1917,2019,2019,10,3,1,1,0.0
tt0096321,twister,1997,1996,2,0,1,0,1.0
tt0048545,rebel without a cause,1955,1955,3,0,1,0,0.0
tt0095801,bagdad cafe,1987,1988,1,0,1,0,1.0
tt0405094,the lives of others,2006,2006,1,1,1,1,0.0
tt1068646,the class,2008,2008,1,0,1,0,0.0
tt0025464,manhattan melodrama,1934,1934,1,1,1,1,0.0
tt0034946,kings row,1942,1942,3,0,1,0,0.0
tt0028772,a day at the races,1937,1937,1,0,1,0,0.0
tt0054198,never on sunday,1960,1960,5,1,1,1,0.0
tt1800241,american hustle,2013,2013,10,0,1,0,0.0
tt0245429,spirited away,2001,2002,1,1,1,1,1.0
tt0120917,the emperor s new groove,2000,2000,1,0,1,0,0.0
tt0211181,102 dalmatians,1998,2000,1,0,1,0,2.0
tt0029146,the life of emile zola,1937,1937,10,3,1,1,0.0
tt0381681,before sunset,2004,2004,1,0,1,0,0.0
tt0113627,leaving las vegas,1995,1995,4,1,1,1,0.0
tt0065234,z,1969,1969,5,2,1,1,0.0
tt0023303,one hour with you,1932,1931,1,0,1,0,1.0
tt7286456,joker,2019,2019,11,2,1,1,0.0
tt0087892,a passage to india,1984,1984,11,2,1,1,0.0
tt0036922,hollywood canteen,1944,1944,3,0,1,0,0.0
tt10272386,the father,2020,2020,6,2,1,1,0.0
tt0086425,terms of endearment,1983,1983,11,5,1,1,0.0
tt0036422,thank your lucky stars,1943,1943,1,0,1,0,0.0
tt0988045,sherlock holmes,2009,2009,2,0,1,0,0.0
tt0037671,the enchanted cottage,1945,1945,1,0,1,0,0.0
tt1120985,blue valentine,2010,2010,1,0,1,0,0.0
tt0068918,manson,1973,1972,1,0,1,0,1.0
tt0780521,the princess and the frog,2009,2009,3,0,1,0,0.0
tt0050356,the enemy below,1957,1957,1,1,1,1,0.0
tt14039582,drive my car,2021,2021,4,1,1,1,0.0
tt0023686,what price hollywood,1932,1931,1,0,1,0,1.0
tt0039566,life with father,1947,1947,4,0,1,0,0.0
tt8291806,pain and glory,2019,2019,2,0,1,0,0.0
tt0109830,forrest gump,1994,1994,13,6,1,1,0.0
tt0025164,the gay divorcee,1934,1934,5,1,1,1,0.0
tt0172396,the end of the affair,1999,1999,2,0,1,0,0.0
tt0053796,the entertainer,1960,1960,1,0,1,0,0.0
tt1825683,black panther,2018,2018,7,3,1,1,0.0
tt0066561,when dinosaurs ruled the earth,1970,1971,1,0,1,0,1.0
tt0243133,the man who wasn t there,2001,2001,1,0,1,0,0.0
tt0310281,a mighty wind,2003,2003,1,0,1,0,0.0
tt0086005,never cry wolf,1983,1983,1,0,1,0,0.0
tt0076348,madame rosa,1977,1977,1,1,1,1,0.0
tt0052809,the five pennies,1959,1959,4,0,1,0,0.0
tt2024544,12 years a slave,2013,2013,9,3,1,1,0.0
tt0367089,the squid and the whale,2005,2005,1,0,1,0,0.0
tt0091886,salvador,1986,1986,2,0,1,0,0.0
tt0113987,nixon,1995,1995,4,0,1,0,0.0
tt0468565,tsotsi,2005,2005,1,1,1,1,0.0
tt4566758,mulan,2020,2020,2,0,1,0,0.0
tt0238119,boys don t cry,2000,1999,2,1,1,1,1.0
tt0105089,the panama deception,1992,1992,1,1,1,1,0.0
tt0049223,forbidden planet,1956,1956,1,0,1,0,0.0
tt1843866,captain america the winter soldier,2014,2014,1,0,1,0,0.0
tt0033802,ladies in retirement,1941,1941,2,0,1,0,0.0
tt4154796,avengers endgame,2019,2019,1,0,1,0,0.0
tt0042906,la ronde,1950,1951,2,0,1,0,1.0
tt0029942,boys town,1938,1938,5,2,1,1,0.0
tt0055614,west side story,1961,1961,11,10,1,1,0.0
tt0758758,into the wild,2007,2007,2,0,1,0,0.0
tt0056592,to kill a mockingbird,1962,1962,8,3,1,1,0.0
tt0063374,the odd couple,1968,1968,2,0,1,0,0.0
tt0053765,the goddess,1960,1958,1,0,1,0,2.0
tt0116209,the english patient,1996,1996,12,9,1,1,0.0
tt0032484,foreign correspondent,1940,1940,6,0,1,0,0.0
tt0057163,hud,1963,1963,7,3,1,1,0.0
tt0033766,it started with eve,1941,1942,1,0,1,0,1.0
tt0037017,lifeboat,1944,1944,3,0,1,0,0.0
tt0045793,from here to eternity,1953,1953,13,8,1,1,0.0
tt0062994,funny girl,1968,1968,8,1,1,1,0.0
tt0064612,my night at maud s,1969,1969,1,0,1,0,0.0
tt0038787,notorious,1946,1946,2,0,1,0,0.0
tt0472043,apocalypto,2006,2006,3,0,1,0,0.0
tt0084865,victor victoria,1982,1982,7,1,1,1,0.0
tt0054997,the hustler,1961,1961,9,2,1,1,0.0
tt2543164,arrival,2016,2016,8,1,1,1,0.0
tt0241527,harry potter and the sorcerer s stone,2001,2001,3,0,1,0,0.0
tt2310332,the hobbit the battle of the five armies,2014,2014,1,0,1,0,0.0
tt0082736,mephisto,1981,1981,1,1,1,1,0.0
tt0099785,home alone,1990,1990,2,0,1,0,0.0
tt0119561,the long way home,1997,1997,1,1,1,1,0.0
tt0414387,pride prejudice,2005,2005,4,0,1,0,0.0
tt0408236,sweeney todd the demon barber of fleet street,2007,2007,3,1,1,1,0.0
tt0340855,monster,2003,2003,1,1,1,1,0.0
tt0111161,the shawshank redemption,1994,1994,7,0,1,0,0.0
tt0104466,husbands and wives,1992,1992,2,0,1,0,0.0
tt0343168,the weather underground,2002,2003,1,0,1,0,1.0
tt2375605,the act of killing,2012,2013,1,0,1,0,1.0
tt0057578,this sporting life,1963,1963,2,0,1,0,0.0
tt0373861,the story of the weeping camel,2003,2004,1,0,1,0,1.0
tt0042792,no way out,1950,1950,1,0,1,0,0.0
tt0053285,sleeping beauty,1959,1959,1,0,1,0,0.0
tt2401878,anomalisa,2015,2015,1,0,1,0,0.0
tt0031381,gone with the wind,1939,1939,14,9,1,1,0.0
tt0116692,beyond silence,1996,1997,1,0,1,0,1.0
tt0057933,the chalk garden,1964,1964,1,0,1,0,0.0
tt0077413,death on the nile,1978,1978,1,1,1,1,0.0
tt1853728,django unchained,2012,2012,5,2,1,1,0.0
tt0104797,malcolm x,1992,1992,2,0,1,0,0.0
tt0091064,the fly,1986,1986,1,1,1,1,0.0
tt0085370,entre nous,1983,1983,1,0,1,0,0.0
tt1285016,the social network,2010,2010,8,3,1,1,0.0
tt0040506,key largo,1948,1948,1,1,1,1,0.0
tt1398426,straight outta compton,2015,2015,1,0,1,0,0.0
tt0120866,titus,1999,1999,1,0,1,0,0.0
tt0043278,an american in paris,1951,1951,8,6,1,1,0.0
tt0067093,fiddler on the roof,1971,1971,8,3,1,1,0.0
tt0397535,memoirs of a geisha,2005,2005,6,3,1,1,0.0
tt0038107,the southerner,1945,1945,3,0,1,0,0.0
tt0032181,abe lincoln in illinois,1940,1940,2,0,1,0,0.0
tt0029747,way out west,1937,1937,1,0,1,0,0.0
tt0056264,mutiny on the bounty,1962,1962,7,0,1,0,0.0
tt0089560,mask,1985,1985,1,1,1,1,0.0
tt0358273,walk the line,2005,2005,5,1,1,1,0.0
tt0029995,the citadel,1938,1938,4,0,1,0,0.0
tt0028683,camille,1936,1937,1,0,1,0,1.0
tt0024264,little women,1933,1932,3,1,1,1,1.0
tt0058213,hush hush sweet charlotte,1964,1964,7,0,1,0,0.0
tt1392190,mad max fury road,2015,2015,10,6,1,1,0.0
tt0093870,robocop,1987,1987,3,1,1,1,0.0
tt0118849,children of heaven,1997,1998,1,0,1,0,1.0
tt0031088,beau geste,1939,1939,2,0,1,0,0.0
tt0116040,daylight,1996,1996,1,0,1,0,0.0
tt0338751,the aviator,2004,2004,11,5,1,1,0.0
tt0057360,a new kind of love,1963,1963,2,0,1,0,0.0
tt4575576,christopher robin,2018,2018,1,0,1,0,0.0
tt5278466,jim the james foley story,2016,2016,1,0,1,0,0.0
tt0082348,excalibur,1981,1981,1,0,1,0,0.0
tt0088213,swing shift,1984,1984,1,0,1,0,0.0
tt0067116,the french connection,1971,1971,8,5,1,1,0.0
tt0038991,the stranger,1946,1946,1,0,1,0,0.0
tt2120152,the invisible war,2012,2012,1,0,1,0,0.0
tt0096018,running on empty,1988,1988,2,0,1,0,0.0
tt0094737,big,1988,1988,2,0,1,0,0.0
tt0107756,orlando,1992,1993,2,0,1,0,1.0
tt0041841,sands of iwo jima,1949,1949,4,0,1,0,0.0
tt3750872,the wife,2017,2018,1,0,1,0,1.0
tt0032701,the letter,1940,1940,7,0,1,0,0.0
tt4908644,winter on fire ukraine s fight for freedom,2015,2015,1,0,1,0,0.0
tt0816692,interstellar,2014,2014,5,1,1,1,0.0
tt0074554,the front,1976,1976,1,0,1,0,0.0
tt6294822,the post,2017,2017,2,0,1,0,0.0
tt0054749,two women,1960,1961,1,1,1,1,1.0
tt0054743,the children s hour,1961,1961,5,0,1,0,0.0
tt0088939,the color purple,1985,1985,11,0,1,0,0.0
tt0350258,ray,2004,2004,6,2,1,1,0.0
tt0043459,decision before dawn,1951,1951,2,0,1,0,0.0
tt0041113,all the king s men,1949,1949,7,3,1,1,0.0
tt0040724,red river,1948,1948,2,0,1,0,0.0
tt1255953,incendies,2010,2010,1,0,1,0,0.0
tt0095276,hanussen,1988,1988,1,0,1,0,0.0
tt0110367,little women,1994,1994,3,0,1,0,0.0
tt0086567,wargames,1983,1983,3,0,1,0,0.0
tt0407265,transamerica,2005,2005,2,0,1,0,0.0
tt0083833,diner,1982,1982,1,0,1,0,0.0
tt0063518,romeo and juliet,1968,1968,4,2,1,1,0.0
tt0055256,one two three,1961,1961,1,0,1,0,0.0
tt0075686,annie hall,1977,1977,5,4,1,1,0.0
tt0039286,crossfire,1947,1947,5,0,1,0,0.0
tt0264476,children underground,2001,2001,1,0,1,0,0.0
tt0298203,8 mile,2002,2002,1,1,1,1,0.0
tt0469494,there will be blood,2007,2007,8,2,1,1,0.0
tt0929809,the class,2007,2008,1,0,1,0,1.0
tt0959337,revolutionary road,2008,2008,3,0,1,0,0.0
tt0034862,holiday inn,1942,1942,3,1,1,1,0.0
tt0047573,them,1954,1954,1,0,1,0,0.0
tt0055539,town without pity,1961,1961,1,0,1,0,0.0
tt1229822,jane eyre,2011,2011,1,0,1,0,0.0
tt0039631,monsieur verdoux,1947,1947,1,0,1,0,0.0
tt0211915,amelie,2001,2001,5,0,1,0,0.0
tt0325710,the last samurai,2003,2003,4,0,1,0,0.0
tt2714900,finding vivian maier,2013,2014,1,0,1,0,1.0
tt0347149,howl s moving castle,2004,2005,1,0,1,0,1.0
tt0058404,the night of the iguana,1964,1964,4,1,1,1,0.0
tt0107156,the wedding banquet,1993,1993,1,0,1,0,0.0
tt0055499,through a glass darkly,1961,1961,1,1,1,1,0.0
tt12789558,belfast,2021,2021,7,1,1,1,0.0
tt1504320,the king s speech,2010,2010,12,4,1,1,0.0
tt0120324,a simple plan,1998,1998,2,0,1,0,0.0
tt0369702,the sea inside,2004,2004,2,1,1,1,0.0
tt0040795,sitting pretty,1948,1948,1,0,1,0,0.0
tt0316654,spider man 2,2004,2004,3,1,1,1,0.0
tt0052218,some came running,1958,1958,5,0,1,0,0.0
tt0049777,the solid gold cadillac,1956,1956,2,1,1,1,0.0
tt0042296,caged,1950,1950,3,0,1,0,0.0
tt2948356,zootopia,2016,2016,1,1,1,1,0.0
tt0299658,chicago,2002,2002,13,6,1,1,0.0
tt3398268,when marnie was there,2014,2015,1,0,1,0,1.0
tt3674140,the salt of the earth,2014,2014,1,0,1,0,0.0
tt0245712,amores perros,2001,2000,1,0,1,0,1.0
tt0029608,stella dallas,1937,1937,2,0,1,0,0.0
tt0037913,mildred pierce,1945,1945,6,1,1,1,0.0
tt1950186,ford v ferrari,2019,2019,4,2,1,1,0.0
tt0097757,the little mermaid,1989,1989,3,2,1,1,0.0
tt0036430,this is the army,1943,1943,3,1,1,1,0.0
tt0036855,gaslight,1944,1944,7,2,1,1,0.0
tt0088763,back to the future,1985,1985,4,1,1,1,0.0
tt0082979,reds,1981,1981,12,3,1,1,0.0
tt1490017,the lego movie,2014,2014,1,0,1,0,0.0
tt3716530,elle,2016,2016,1,0,1,0,0.0
tt0091778,poltergeist ii the other side,1986,1986,1,0,1,0,0.0
tt0022599,a nous la liberte,1931,1931,1,0,1,0,0.0
tt0089941,runaway train,1985,1985,3,0,1,0,0.0
tt0436697,the queen,2006,2006,6,1,1,1,0.0
tt0327597,coraline,2009,2009,1,0,1,0,0.0
tt2948372,soul,2020,2020,3,2,1,1,0.0
tt0091538,mona lisa,1986,1986,1,0,1,0,0.0
tt0028355,theodora goes wild,1936,1936,2,0,1,0,0.0
tt0119177,gattaca,1997,1997,1,0,1,0,0.0
tt0061512,cool hand luke,1967,1967,4,1,1,1,0.0
tt12801262,luca,2021,2021,1,0,1,0,0.0
tt0089606,my life as a dog,1985,1987,2,0,1,0,2.0
tt0094291,wall street,1987,1987,1,1,1,1,0.0
tt0117500,the rock,1996,1996,1,0,1,0,0.0
tt1125849,the wrestler,2008,2008,2,0,1,0,0.0
tt1210166,moneyball,2011,2011,6,0,1,0,0.0
tt0457430,pan s labyrinth,2006,2006,6,3,1,1,0.0
tt4550098,nocturnal animals,2016,2016,1,0,1,0,0.0
tt0332452,troy,2004,2004,1,0,1,0,0.0
tt0035015,the magnificent ambersons,1942,1942,4,0,1,0,0.0
tt0029844,the adventures of tom sawyer,1938,1938,1,0,1,0,0.0
tt0878804,the blind side,2009,2009,2,1,1,1,0.0
tt0110882,before the rain,1994,1994,1,0,1,0,0.0
tt6495094,little women,2018,2019,6,1,1,1,1.0
tt0450188,la vie en rose,2007,2007,3,2,1,1,0.0
tt0047296,on the waterfront,1954,1954,12,8,1,1,0.0
tt0120255,the sweet hereafter,1997,1997,2,0,1,0,0.0
tt6966692,green book,2018,2018,5,3,1,1,0.0
tt3544082,45 years,2015,2015,1,0,1,0,0.0
tt0216787,the taste of others,1998,2000,1,0,1,0,2.0
tt4209788,molly s game,2017,2017,1,0,1,0,0.0
tt0112573,braveheart,1995,1995,10,5,1,1,0.0
tt1170358,the hobbit the desolation of smaug,2013,2013,3,0,1,0,0.0
tt2322441,fifty shades of grey,2015,2015,1,0,1,0,0.0
tt0783233,atonement,2007,2007,7,1,1,1,0.0
tt0095953,rain man,1988,1988,8,4,1,1,0.0
tt0286244,the triplets of belleville,2003,2003,2,0,1,0,0.0
tt0042742,mister 880,1950,1950,1,0,1,0,0.0
tt1340107,in a better world,2010,2010,1,1,1,1,0.0
tt0071230,blazing saddles,1974,1974,3,0,1,0,0.0
tt0077416,the deer hunter,1978,1978,9,5,1,1,0.0
tt0813547,the counterfeiters,2007,2007,1,1,1,1,0.0
tt0083226,three brothers,1981,1981,1,0,1,0,0.0
tt0053198,the 400 blows,1959,1959,1,0,1,0,0.0
tt0036775,double indemnity,1944,1944,7,0,1,0,0.0
tt0089853,the purple rose of cairo,1985,1985,1,0,1,0,0.0
tt0074605,harlan county u s a,1976,1976,1,1,1,1,0.0
tt4126304,cartel land,2015,2015,1,0,1,0,0.0
tt0486358,jesus camp,2006,2006,1,0,1,0,0.0
tt0305206,american splendor,2003,2003,1,0,1,0,0.0
tt11286314,don t look up,2021,2021,4,0,1,0,0.0
tt0383574,pirates of the caribbean dead man s chest,2006,2006,4,1,1,1,0.0
tt0052600,ballad of a soldier,1959,1961,1,0,1,0,2.0
tt0018526,underworld,1927,1927,1,1,1,1,0.0
tt0042876,rashomon,1950,1951,1,1,1,1,1.0
tt0078754,all that jazz,1979,1979,9,4,1,1,0.0
tt0077405,days of heaven,1978,1978,4,1,1,1,0.0
tt0074751,king kong,1976,1976,3,1,1,1,0.0
tt0054047,the magnificent seven,1960,1960,1,0,1,0,0.0
tt0067402,mary queen of scots,1971,1971,5,0,1,0,0.0
tt0090110,sweet dreams,1985,1985,1,0,1,0,0.0
tt0038589,the harvey girls,1946,1946,2,1,1,1,0.0
tt7349662,blackkklansman,2018,2018,6,1,1,1,0.0
tt0086423,tender mercies,1983,1983,5,2,1,1,0.0
tt1568346,the girl with the dragon tattoo,2011,2011,5,1,1,1,0.0
tt0037885,love letters,1945,1945,4,0,1,0,0.0
tt0388795,brokeback mountain,2005,2005,8,3,1,1,0.0
tt0103939,chaplin,1992,1992,3,0,1,0,0.0
tt0112379,antonia s line,1995,1995,1,1,1,1,0.0
tt0049261,giant,1956,1956,10,1,1,1,0.0
tt0035979,heaven can wait,1943,1943,3,0,1,0,0.0
tt0174856,the hurricane,1999,1999,1,0,1,0,0.0
tt0042451,father of the bride,1950,1950,3,0,1,0,0.0
tt0031398,gunga din,1939,1939,1,0,1,0,0.0
tt0035567,woman of the year,1942,1942,2,1,1,1,0.0
tt0089755,out of africa,1985,1985,11,7,1,1,0.0
tt2953050,encanto,2021,2021,3,1,1,1,0.0
tt0070903,the way we were,1973,1973,6,2,1,1,0.0
tt2180411,into the woods,2014,2014,3,0,1,0,0.0
tt0038000,pride of the marines,1945,1945,1,0,1,0,0.0
tt0054042,macario,1960,1960,1,0,1,0,0.0
tt0028216,san francisco,1936,1936,6,1,1,1,0.0
tt9586294,better days,2019,2020,1,0,1,0,1.0
tt3315342,logan,2017,2017,1,0,1,0,0.0
tt0053137,on the beach,1959,1959,2,0,1,0,0.0
tt0031002,the young in heart,1938,1938,3,0,1,0,0.0
tt0029310,night must fall,1937,1937,2,0,1,0,0.0
tt0037469,the woman in the window,1944,1945,1,0,1,0,1.0
tt0108551,what s love got to do with it,1993,1993,2,0,1,0,0.0
tt0048380,mister roberts,1955,1955,3,1,1,1,0.0
tt3040964,the jungle book,2016,2016,1,1,1,1,0.0
tt0780504,drive,2011,2011,1,0,1,0,0.0
tt0062467,wait until dark,1967,1967,1,0,1,0,0.0
tt10633456,minari,2020,2020,6,1,1,1,0.0
tt1211837,doctor strange,2016,2016,1,0,1,0,0.0
tt0076085,a special day,1977,1977,2,0,1,0,0.0
tt0062952,faces,1968,1968,3,0,1,0,0.0
tt0056048,gypsy,1962,1962,3,0,1,0,0.0
tt0112373,anne frank remembered,1995,1995,1,1,1,1,0.0
tt2543472,wonder,2017,2017,1,0,1,0,0.0
tt1263670,crazy heart,2009,2009,3,2,1,1,0.0
tt3450958,war for the planet of the apes,2017,2017,1,0,1,0,0.0
tt0308644,finding neverland,2004,2004,7,1,1,1,0.0
tt2358891,the great beauty,2013,2013,1,1,1,1,0.0
tt0078872,the black stallion,1979,1979,3,1,1,1,0.0
tt3521126,the disaster artist,2017,2017,1,0,1,0,0.0
tt0033722,hold back the dawn,1941,1941,6,0,1,0,0.0
tt0064276,easy rider,1969,1969,2,0,1,0,0.0
tt0475276,united 93,2006,2006,2,0,1,0,0.0
tt0082945,prince of the city,1981,1981,1,0,1,0,0.0
tt2015381,guardians of the galaxy,2014,2014,2,0,1,0,0.0
tt0058576,seven days in may,1964,1964,2,0,1,0,0.0
tt0056196,long day s journey into night,1962,1962,1,0,1,0,0.0
tt0048337,a man called peter,1955,1955,1,0,1,0,0.0
tt0482571,the prestige,2006,2006,2,0,1,0,0.0
tt0033836,the little foxes,1941,1941,9,0,1,0,0.0
tt0078723,1941,1979,1979,3,0,1,0,0.0
tt0903624,the hobbit an unexpected journey,2012,2012,3,0,1,0,0.0
tt0404203,little children,2006,2006,3,0,1,0,0.0
tt0426578,sophie scholl the final days,2005,2005,1,0,1,0,0.0
tt0034241,sun valley serenade,1941,1941,3,0,1,0,0.0
tt1020072,selma,2014,2014,2,1,1,1,0.0
tt5895028,13th,2016,2016,1,0,1,0,0.0
tt0031762,only angels have wings,1939,1939,2,0,1,0,0.0
tt0120789,pleasantville,1998,1998,3,0,1,0,0.0
tt0382330,as it is in heaven,2004,2004,1,0,1,0,0.0
tt3281548,little women,2019,2019,6,1,1,1,0.0
tt0069824,brother sun sister moon,1972,1973,1,0,1,0,1.0
tt2066051,rocketman,2019,2019,1,1,1,1,0.0
tt0138097,shakespeare in love,1998,1998,13,7,1,1,0.0
tt0057012,dr strangelove or how i learned to stop worrying and love the bomb,1964,1964,4,0,1,0,0.0
tt0039677,odd man out,1947,1947,1,0,1,0,0.0
tt0099073,avalon,1990,1990,4,0,1,0,0.0
tt0099487,edward scissorhands,1990,1990,1,0,1,0,0.0
tt0099810,the hunt for red october,1990,1990,3,1,1,1,0.0
tt0120382,the truman show,1998,1998,3,0,1,0,0.0
tt0046874,the country girl,1954,1954,7,2,1,1,0.0
tt0962736,the young victoria,2009,2009,3,1,1,1,0.0
tt0087003,broadway danny rose,1984,1984,2,0,1,0,0.0
tt0043014,sunset blvd,1950,1950,11,3,1,1,0.0
tt0118540,4 little girls,1997,1997,1,0,1,0,0.0
tt0065976,let it be,1969,1970,1,1,1,1,1.0
tt0064482,in the year of the pig,1968,1969,1,0,1,0,1.0
tt1860355,undefeated,2011,2011,1,1,1,1,0.0
tt0376541,closer,2004,2004,2,0,1,0,0.0
tt0065988,little big man,1970,1970,1,0,1,0,0.0
tt0049833,the ten commandments,1956,1956,7,1,1,1,0.0
tt0061418,bonnie and clyde,1967,1967,10,2,1,1,0.0
tt0033787,king of the zombies,1941,1941,1,0,1,0,0.0
tt0039420,the ghost and mrs muir,1947,1947,1,0,1,0,0.0
tt0053779,la dolce vita,1960,1961,4,1,1,1,1.0
tt0051739,the horse s mouth,1958,1958,1,0,1,0,0.0
tt1132620,the girl with the dragon tattoo,2009,2011,5,1,1,1,2.0
tt0116905,lone star,1996,1996,1,0,1,0,0.0
tt0084516,poltergeist,1982,1982,3,0,1,0,0.0
tt0054412,tunes of glory,1960,1960,1,0,1,0,0.0
tt0035140,now voyager,1942,1942,3,1,1,1,0.0
tt0085478,educating rita,1983,1983,3,0,1,0,0.0
tt0038975,the spiral staircase,1946,1946,1,0,1,0,0.0
tt0450259,blood diamond,2006,2006,5,0,1,0,0.0
tt0047528,la strada,1954,1956,2,1,1,1,2.0
tt0070735,the sting,1973,1973,10,7,1,1,0.0
tt0166813,spirit stallion of the cimarron,2002,2002,1,0,1,0,0.0
tt0049259,gervaise,1956,1956,1,0,1,0,0.0
tt0063483,rachel rachel,1968,1968,4,0,1,0,0.0
tt0089748,when father was away on business,1985,1985,1,0,1,0,0.0
tt0097216,do the right thing,1989,1989,2,0,1,0,0.0
tt0040705,portrait of jennie,1948,1948,2,1,1,1,0.0
tt0094027,stand and deliver,1988,1988,1,0,1,0,0.0
tt0085244,the big chill,1983,1983,3,0,1,0,0.0
tt0120855,tarzan,1997,1999,1,1,1,1,2.0
tt0050490,heaven knows mr allison,1957,1957,2,0,1,0,0.0
tt0268126,adaptation,2002,2002,4,1,1,1,0.0
tt2852406,omar,2013,2013,1,0,1,0,0.0
tt7979580,the mitchells vs the machines,2021,2021,1,0,1,0,0.0
tt6571548,the white tiger,2021,2020,1,0,1,0,1.0
tt0080928,inside moves,1980,1980,1,0,1,0,0.0
tt0048347,the man with the golden arm,1955,1955,3,0,1,0,0.0
tt1305806,the secret in their eyes,2009,2009,1,1,1,1,0.0
tt0126029,shrek,2001,2001,2,1,1,1,0.0
tt0019429,street angel,1928,1927,1,1,1,1,1.0
tt1866249,the sessions,2012,2012,1,0,1,0,0.0
tt0068161,the dawns here are quiet,1972,1972,1,0,1,0,0.0
tt3316960,still alice,2014,2014,1,1,1,1,0.0
tt0292542,son of the bride,2001,2001,1,0,1,0,0.0
tt1667353,mirror mirror,2012,2012,1,0,1,0,0.0
tt0018379,7th heaven,1927,1927,5,3,1,1,0.0
tt0042286,broken arrow,1950,1950,3,0,1,0,0.0
tt0107207,in the name of the father,1993,1993,7,0,1,0,0.0
tt3966404,mustang,2015,2015,1,0,1,0,0.0
tt0172493,girl interrupted,1999,1999,1,1,1,1,0.0
tt1164999,biutiful,2010,2010,2,0,1,0,0.0
tt0019412,speedy,1928,1927,1,0,1,0,1.0
tt1613750,kon tiki,2012,2012,1,0,1,0,0.0
tt2321405,my life as a zucchini,2016,2016,1,0,1,0,0.0
tt0052654,the bridge,1959,1959,1,0,1,0,0.0
tt0498380,letters from iwo jima,2006,2006,4,1,1,1,0.0
tt0101921,fried green tomatoes,1991,1991,2,0,1,0,0.0
tt0117951,trainspotting,1996,1996,1,0,1,0,0.0
tt0033774,johnny eager,1941,1942,1,1,1,1,1.0
tt0489327,venus,2006,2006,1,0,1,0,0.0
tt0120802,the red violin,1998,1999,1,1,1,1,1.0
tt0045883,hondo,1953,1953,2,0,1,0,0.0
tt0061781,the firemen s ball,1967,1968,1,0,1,0,1.0
tt1403865,true grit,2010,2010,10,0,1,0,0.0
tt0102138,jfk,1991,1991,8,2,1,1,0.0
tt0076740,sorcerer,1977,1977,1,0,1,0,0.0
tt0050681,man of a thousand faces,1957,1957,1,0,1,0,0.0
tt0978759,frozen river,2008,2008,2,0,1,0,0.0
tt0036098,lassie come home,1943,1943,1,0,1,0,0.0
tt0060934,the sand pebbles,1966,1966,8,0,1,0,0.0
tt0870111,frost nixon,2008,2008,5,0,1,0,0.0
tt0086465,trading places,1983,1983,1,0,1,0,0.0
tt0056825,america america,1963,1963,4,1,1,1,0.0
tt0037415,the uninvited,1944,1944,1,0,1,0,0.0
tt0070666,serpico,1973,1973,2,0,1,0,0.0
tt0335266,lost in translation,2003,2003,4,1,1,1,0.0
tt0065782,sunflower,1970,1970,1,0,1,0,0.0
tt1408101,star trek into darkness,2013,2013,1,0,1,0,0.0
tt0116695,jerry maguire,1996,1996,5,1,1,1,0.0
tt0068883,ludwig,1973,1973,1,0,1,0,0.0
tt0051411,the big country,1958,1958,2,1,1,1,0.0
tt0052357,vertigo,1958,1958,2,0,1,0,0.0
tt0035093,mrs miniver,1942,1942,12,6,1,1,0.0
tt0212720,a i artificial intelligence,2001,2001,2,0,1,0,0.0
tt0027532,dodsworth,1936,1936,7,1,1,1,0.0
tt0055257,one eyed jacks,1961,1961,1,0,1,0,0.0
tt2113681,the 100 year old man who climbed out the window and disappeared,2013,2015,1,0,1,0,2.0
tt0086370,the sting ii,1983,1983,1,0,1,0,0.0
tt0435761,toy story 3,2010,2010,5,2,1,1,0.0
tt0119008,donnie brasco,1997,1997,1,0,1,0,0.0
tt0061407,the taming of the shrew,1967,1967,2,0,1,0,0.0
tt0042046,the window,1949,1949,1,0,1,0,0.0
tt0052918,imitation of life,1959,1959,2,0,1,0,0.0
tt0046672,20 000 leagues under the sea,1954,1954,3,2,1,1,0.0
tt0054387,the time machine,1960,1960,1,1,1,1,0.0
tt8649186,corpus christi,2019,2019,1,0,1,0,0.0
tt0103791,belle epoque,1992,1993,1,1,1,1,1.0
tt0319061,big fish,2003,2003,1,0,1,0,0.0
tt0106881,fearless,1993,1993,1,0,1,0,0.0
tt0068646,the godfather,1972,1972,11,3,1,1,0.0
tt0031971,stagecoach,1939,1939,7,2,1,1,0.0
tt0133093,the matrix,1999,1999,4,4,1,1,0.0
tt0265086,black hawk down,2001,2001,4,2,1,1,0.0
tt0037077,the miracle of morgan s creek,1944,1944,1,0,1,0,0.0
tt0037614,the corn is green,1945,1945,2,0,1,0,0.0
tt0424205,joyeux noel,2005,2005,1,0,1,0,0.0
tt1343092,the great gatsby,2013,2013,2,2,1,1,0.0
tt0047849,bad day at black rock,1955,1955,3,0,1,0,0.0
tt0041928,the stratton story,1949,1949,1,1,1,1,0.0
tt0072973,farewell my lovely,1975,1975,1,0,1,0,0.0
tt0084591,reuben reuben,1983,1983,2,0,1,0,0.0
tt0039370,the farmer s daughter,1947,1947,2,1,1,1,0.0
tt0436613,murderball,2005,2005,1,0,1,0,0.0
tt0190332,crouching tiger hidden dragon,2000,2000,10,4,1,1,0.0
tt0063050,the heart is a lonely hunter,1968,1968,2,0,1,0,0.0
tt0421715,the curious case of benjamin button,2008,2008,13,3,1,1,0.0
tt0124207,the thief,1997,1997,1,0,1,0,0.0
tt0277027,i am sam,2001,2001,1,0,1,0,0.0
tt0100211,music box,1989,1989,1,0,1,0,0.0
tt0108101,shadowlands,1993,1993,2,0,1,0,0.0
tt0059309,in harm s way,1965,1965,1,0,1,0,0.0
tt0052561,anatomy of a murder,1959,1959,7,0,1,0,0.0
tt0035417,the talk of the town,1942,1942,7,0,1,0,0.0
tt1787725,if a tree falls a story of the earth liberation front,2011,2011,1,0,1,0,0.0
tt0094226,the untouchables,1987,1987,4,1,1,1,0.0
tt0094828,camille claudel,1988,1989,2,0,1,0,1.0
tt0057229,the red lanterns,1963,1963,1,0,1,0,0.0
tt2562232,birdman or the unexpected virtue of ignorance,2014,2014,9,4,1,1,0.0
tt0070509,the paper chase,1973,1973,3,1,1,1,0.0
tt0457496,street fight,2005,2005,1,0,1,0,0.0
tt0036962,it happened tomorrow,1944,1944,2,0,1,0,0.0
tt0066491,tristana,1970,1970,1,0,1,0,0.0
tt2852470,the missing picture,2013,2013,1,0,1,0,0.0
tt6016744,the edge of democracy,2019,2019,1,0,1,0,0.0
tt7653254,marriage story,2019,2019,6,1,1,1,0.0
tt0114709,toy story,1995,1995,4,1,1,1,0.0
tt2304771,mandela long walk to freedom,2013,2013,1,0,1,0,0.0
tt2103281,dawn of the planet of the apes,2014,2014,1,0,1,0,0.0
tt1564916,head over heels,2010,2012,1,0,1,0,2.0
tt0497116,an inconvenient truth,2006,2006,2,2,1,1,0.0
tt1618448,racing extinction,2015,2015,1,0,1,0,0.0
tt6053438,first reformed,2017,2018,1,0,1,0,1.0
tt0119815,four days in september,1997,1997,1,0,1,0,0.0
tt0082158,chariots of fire,1981,1981,7,4,1,1,0.0
tt3896198,guardians of the galaxy vol 2,2017,2017,1,0,1,0,0.0
tt0058331,mary poppins,1964,1964,13,5,1,1,0.0
tt0117372,the preacher s wife,1996,1996,1,0,1,0,0.0
tt0069303,sounder,1972,1972,4,0,1,0,0.0
tt5027774,three billboards outside ebbing missouri,2017,2017,7,2,1,1,0.0
tt0499549,avatar,2009,2009,9,3,1,1,0.0
tt0087469,indiana jones and the temple of doom,1984,1984,2,1,1,1,0.0
tt0059573,a patch of blue,1965,1965,5,1,1,1,0.0
tt0209144,memento,2000,2001,2,0,1,0,1.0
tt0048947,anastasia,1956,1956,2,1,1,1,0.0
tt0816442,the book thief,2013,2013,1,0,1,0,0.0
tt0064107,a boy named charlie brown,1969,1970,1,0,1,0,1.0
tt4080728,a man called ove,2015,2016,2,0,1,0,1.0
tt0240200,water,2005,2006,1,0,1,0,1.0
tt0040725,the red shoes,1948,1948,5,2,1,1,0.0
tt3409392,timbuktu,2014,2014,1,0,1,0,0.0
tt0055913,divorce italian style,1961,1962,3,1,1,1,1.0
tt0062277,i even met happy gypsies,1967,1967,1,0,1,0,0.0
tt0318462,the motorcycle diaries,2004,2004,2,1,1,1,0.0
tt1554091,a better life,2011,2011,1,0,1,0,0.0
tt1313092,animal kingdom,2010,2010,1,0,1,0,0.0
tt0086637,zelig,1983,1983,2,0,1,0,0.0
tt0168629,dancer in the dark,2000,2000,1,0,1,0,0.0
tt0065724,five easy pieces,1970,1970,4,0,1,0,0.0
tt0046816,the caine mutiny,1954,1954,7,0,1,0,0.0
tt0045161,the sniper,1952,1952,1,0,1,0,0.0
tt0056217,the man who shot liberty valance,1962,1962,1,0,1,0,0.0
tt4284010,what happened miss simone,2015,2015,1,0,1,0,0.0
tt5275892,o j made in america,2016,2016,1,1,1,1,0.0
